<?xml version='1.0' encoding='UTF-8'?>
<PoBVersion>
	<Version branch="main" number="S17.0.1" platform="win32" />
	<Source part="program" url="https://echo28.coding.net/p/pathofbuildingcn17173/d/PathOfBuildingCN17173-Release/git/raw/{branch}/" />
	<Source part="default" url="https://echo28.coding.net/p/pathofbuildingcn17173/d/PathOfBuildingCN17173-Release/git/raw/{branch}/" />
	<Source part="tree" url="https://echo28.coding.net/p/pathofbuildingcn17173/d/PathOfBuildingCN17173-Release/git/raw/{branch}/" />
	<Source part="runtime" platform="win32" url="https://echo28.coding.net/p/pathofbuildingcn17173/d/PathOfBuildingCN17173-Release/git/raw/{branch}/" />
	<File name="LICENSE.md" part="default" sha1="7ee8af3ae30d9b6c63b48abdcf93a33d116200f1" />
	<File name="Launch.lua" part="program" sha1="985108828df0aeaa0676d6a2217c7d2bdb6e848f" />
	<File name="UpdateCheck.lua" part="program" sha1="f6c60cb8210d110c03fbd51cba5179e87b46a495" />
	<File name="UpdateApply.lua" part="program" sha1="4f17937f2b37784e169a3792b235f2a0a3961e61" />
	<File name="GameVersions.lua" part="program" sha1="9729b4851b46fa804bfaab7eeba85bb1b0bed529" />
	<File name="changelog.txt" part="default" sha1="e1b085b1e4877a8cd29cc16c90201d6f6bfeed6a" />
	<File name="Path of Building.exe" part="runtime" platform="win32" sha1="7486cf4f0289df72ccce93a69a4198ad069f79b9" />
	<File name="lua51.dll" part="runtime" platform="win32" sha1="7a973d3c0b5121e6aad0dcb9323be5b432fc63e7" />
	<File name="SimpleGraphic.dll" part="runtime" platform="win32" sha1="330f6f21f8c4ff0a687fb28c0e267b74df4938a5" />
	<File name="libcurl.dll" part="runtime" platform="win32" sha1="5f68674e22a389dddeb72078b7d9d69d29881bdd" />
	<File name="lcurl.dll" part="runtime" platform="win32" sha1="fe399dbe89c02c597bbad8323ef5c29b24af4870" />
	<File name="lzip.dll" part="runtime" platform="win32" sha1="fe73e74330bf2943036139c32a5c773558fc62a5" />
	<File name="lua/base64.lua" part="runtime" sha1="18629865eb351e483178b6524fb3935cbc9b8297" />
	<File name="lua/dkjson.lua" part="runtime" sha1="16cbc26080996d9da827df42cb0844a25518eeb3" />
	<File name="lua/sha1.lua" part="runtime" sha1="31e325cd40a9c0234c6265689cf70b97ef676f20" />
	<File name="lua/xml.lua" part="runtime" sha1="859e09104842f91a4aaa9a4d9fadf667535877e2" />
	<File name="Assets/game_ui_small.png" part="program" sha1="c345cdcf374d271411aa424ab150c0edbb5a362d" />
	<File name="Assets/range_guide.png" part="program" sha1="4ebea5031fd03771a9b637a3fdccf394344e4782" />
	<File name="Assets/ring.png" part="program" sha1="e7ee7e5b6388facb7bf568517ecc401590757df7" />
	<File name="Assets/ShadedInnerRing.png" part="program" sha1="6ad9088ebaed6646dbd3d231d563dc9611ba4bc6" />
	<File name="Assets/ShadedInnerRingFlipped.png" part="program" sha1="c13f41ef7cbfc14017a10776d21b121f0e558667" />
	<File name="Assets/ShadedOuterRing.png" part="program" sha1="988dee6e0cf9906d78015bc1762b1d95983e89cb" />
	<File name="Assets/ShadedOuterRingFlipped.png" part="program" sha1="ffffef32179d39d48db697e9c9e07fdf022457f7" />
	<File name="Assets/small_ring.png" part="program" sha1="9a320bfe629b1cf3f14fc77fbbf2508d0a5b2841" />
	<File name="Classes/BuildListControl.lua" part="program" sha1="560208613d5dad9639ed0b491a4a68daac7340a4" />
	<File name="Classes/ButtonControl.lua" part="program" sha1="3f78e729c1a876a22b4733d60c37b189abf003a5" />
	<File name="Classes/CalcBreakdownControl.lua" part="program" sha1="604bbe489841fd73d15240c04bc5ee7eef429ced" />
	<File name="Classes/CalcSectionControl.lua" part="program" sha1="a07a2015f2228daa254f600342e21ff288fab3f8" />
	<File name="Classes/CalcsTab.lua" part="program" sha1="c1e04f7f48f1cd55b0caf251237cf0772fad08d8" />
	<File name="Classes/CheckBoxControl.lua" part="program" sha1="3fdb190ed8c142fa56463dcefa0217a3a43522f7" />
	<File name="Classes/ConfigTab.lua" part="program" sha1="df8a6406d3fa4301446d440e030843adfd67f71a" />
	<File name="Classes/Control.lua" part="program" sha1="7f737656a38d2ba4a55107156a68b752de3bfa4b" />
	<File name="Classes/ControlHost.lua" part="program" sha1="8bc9c45c9223fb0d51e67cde556849678862817a" />
	<File name="Classes/DropDownControl.lua" part="program" sha1="71f6f2914b2a7e597524150f0359798f5f655a13" />
	<File name="Classes/EditControl.lua" part="program" sha1="4723c91b72f6b82f4a9a2a7d9aebc68185ed4d73" />
	<File name="Classes/FolderListControl.lua" part="program" sha1="2f023f5bff3e83bff534c14ae394dd08f143a512" />
	<File name="Classes/GemSelectControl.lua" part="program" sha1="ba07d2dc7025c138631d7d63412263b005d55bce" />
	<File name="Classes/HorizontalLineControl.lua" part="program" sha1="ac90bf59c48bc7b2d2e487141fa58e6f1f71c15a" />
	<File name="Classes/ImportTab.lua" part="program" sha1="56aae1e8e42d1342bb8e2ffbd4170c043eb50495" />
	<File name="Classes/Item.lua" part="program" sha1="0d03b0d90d1c76950d9a9fcfc8fada18666c448c" />
	<File name="Classes/ItemDBControl.lua" part="program" sha1="26e2c4973c66d47a013f73903ac4e25510a32074" />
	<File name="Classes/ItemListControl.lua" part="program" sha1="90807cfc91330299de34184475296358ef7248c0" />
	<File name="Classes/ItemSetListControl.lua" part="program" sha1="513442c485186bbd72f8631c30bdfddc24b90612" />
	<File name="Classes/ItemSlotControl.lua" part="program" sha1="0ad15436d07d8e48dcbc66d9518b5a66e809ef09" />
	<File name="Classes/ItemsTab.lua" part="program" sha1="d61a1cdee530608a06c14773645211702647cd13" />
	<File name="Classes/LabelControl.lua" part="program" sha1="dc032e67fbda0e7531b55d60bec5298b38b99346" />
	<File name="Classes/ListControl.lua" part="program" sha1="3a0484db32d7d927f8726a9c545bf4a7faadf854" />
	<File name="Classes/MinionListControl.lua" part="program" sha1="453c13d190da47d9000f4a18be0d6f12a244f7c7" />
	<File name="Classes/ModDB.lua" part="program" sha1="a195922624a773ffd2d00309504bb2e6976fc379" />
	<File name="Classes/ModList.lua" part="program" sha1="2addfae1a68dedb9aae29a87db56b64ff27f3cbc" />
	<File name="Classes/ModStore.lua" part="program" sha1="7c802918171499527e8a5059a0b8e17a1f2d0d02" />
	<File name="Classes/NotesTab.lua" part="program" sha1="8b6bc60a188c0591a379bd372b86738fb7886285" />
	<File name="Classes/NotableDBControl.lua" part="program" sha1="b39d194c640a4e180756418071c028332aa5f4c9" />
	<File name="Classes/PassiveMasteryControl.lua" part="program" sha1="f15e2d078e9b36d42616d11b652eb7160ffb0627" />
	<File name="Classes/PassiveSpec.lua" part="program" sha1="94c869ba4e95382b55e8811a0910516aaa7d1cae" />
	<File name="Classes/PassiveSpecListControl.lua" part="program" sha1="a63687cc49dc83ba7f9242ae4bad770298a53587" />
	<File name="Classes/PassiveTree.lua" part="program" sha1="2efecd4af07c5acc83f1b2e0f27421a9ffb68be6" />
	<File name="Classes/PassiveTreeView.lua" part="program" sha1="50ead59125b900cc04bf5811a873a0c4b6e86770" />
	<File name="Classes/PathControl.lua" part="program" sha1="b3c3c432678a581044ba6cc67690034553899913" />
	<File name="Classes/PopupDialog.lua" part="program" sha1="756a0850adc519e4dc132132bfc4b6b3db78c770" />
	<File name="Classes/PowerReportListControl.lua" part="program" sha1="407e89e72f5e0b4a12498be3bdf16f6fc1ec791f" />
	<File name="Classes/ScrollBarControl.lua" part="program" sha1="9694b226412f7b7a83137c17ce226001651af6cd" />
	<File name="Classes/SearchHost.lua" part="program" sha1="b9f508cad73647d8036d5be974e341f2dfcd1d99" />
	<File name="Classes/SectionControl.lua" part="program" sha1="bc612c589e971644bbe6a32e1a4ffa94a7a308e3" />
	<File name="Classes/SharedItemListControl.lua" part="program" sha1="080640d029c2b60df45379b7ac1f12a7411fe430" />
	<File name="Classes/SharedItemSetListControl.lua" part="program" sha1="92b0b09f9ace8ad03c5e5bb4dd27ee4a33325560" />
	<File name="Classes/SkillListControl.lua" part="program" sha1="e474df5f2ddbccbd5d6b9b98156a00cc026c9b1e" />
	<File name="Classes/SkillsTab.lua" part="program" sha1="5cba66960ee7b8f07bdf3f9db9dccfd72654cca1" />
	<File name="Classes/SliderControl.lua" part="program" sha1="5e20d818912feb054cde935ae812784695e330a1" />
	<File name="Classes/TextListControl.lua" part="program" sha1="4ad58bb6c4a91eb707e7ccd8c85efb9800dca653" />
	<File name="Classes/Tooltip.lua" part="program" sha1="9a16ec4b638fdfcbba0bfd0e992cc8b887b00fd3" />
	<File name="Classes/TooltipHost.lua" part="program" sha1="e89cc4424e5d681218959e09f39d06edffabc3ef" />
	<File name="Classes/TreeTab.lua" part="program" sha1="c902e9d8e7f42d97d9be73ec9ab080a35f846968" />
	<File name="Classes/UndoHandler.lua" part="program" sha1="7427064cafd393a1cabbfc2ebb45d5708bb737e7" />
	<File name="Data/BlightPassives.lua" part="program" sha1="ec88bf5469ff0ac8ce0f310098853d699012ad28" />
	<File name="Data/Global.lua" part="program" sha1="1d8069e671e0be0f3911aa2270bdd27e650bb18e" />
	<File name="Data/Uniques/amulet.lua" part="program" sha1="2c3bd1f92fa2ab7524b4b8eaf3f0b96efdba3b71" />
	<File name="Data/Uniques/axe.lua" part="program" sha1="fb2627009c866dc813a715edc861befca08feb1d" />
	<File name="Data/Uniques/belt.lua" part="program" sha1="129d82a1972e3c4b5a8c8b5389c86be2bf2bc93a" />
	<File name="Data/Uniques/body.lua" part="program" sha1="c8bb515e55c6dd45aa57a1dd75645aadedfdbb79" />
	<File name="Data/Uniques/boots.lua" part="program" sha1="9644571d0a211b5a7eb7d7e5ccc5908e9a0cf373" />
	<File name="Data/Uniques/bow.lua" part="program" sha1="de316fe9bb9c2be569ebc2244cf10d0383cecb12" />
	<File name="Data/Uniques/claw.lua" part="program" sha1="a8c61c74400e04ec5b91f124490445be5e9fc9e7" />
	<File name="Data/Uniques/dagger.lua" part="program" sha1="b09e9f2c78bb04e51250760e07f023d77b54c2a5" />
	<File name="Data/Uniques/fishing.lua" part="program" sha1="348fea473e90bbccf5aa94869ccba784291dc78d" />
	<File name="Data/Uniques/flask.lua" part="program" sha1="356bc957d926fd29d3d6475a00f24f634b89266a" />
	<File name="Data/Uniques/gloves.lua" part="program" sha1="56457610af9ff12bd4fb902bd94504699e6d5114" />
	<File name="Data/Uniques/helmet.lua" part="program" sha1="dee44af1d4d39ba9ce5e3da99d06a341d960399f" />
	<File name="Data/Uniques/jewel.lua" part="program" sha1="cca04d22284bc11228e895238cb80f035852b321" />
	<File name="Data/Uniques/mace.lua" part="program" sha1="bfb9adcc16f94d6ca419fd6fd594f4dcbab48e3f" />
	<File name="Data/Uniques/quiver.lua" part="program" sha1="7b475f678ad4a8f5942e8a4305eefffe30f4b17c" />
	<File name="Data/Uniques/ring.lua" part="program" sha1="3c64e22c4445b53eddfc05f3bced1babe0e43ebe" />
	<File name="Data/Uniques/shield.lua" part="program" sha1="d7e7ed5224618122f715cc5bb84018c4749a37a6" />
	<File name="Data/Uniques/staff.lua" part="program" sha1="e9b34e22a9e3b38010a035fe649f7ad6a28c52f6" />
	<File name="Data/Uniques/sword.lua" part="program" sha1="26a2bdeeb19512096461905765fc2820d208182b" />
	<File name="Data/Uniques/wand.lua" part="program" sha1="d20833abf20e8eed87b19ab06ff7f36f943a3b40" />
	<File name="Data/Uniques/Special/Generated.lua" part="program" sha1="cd99affc898a11183383a2ee55e2249d454861e8" />
	<File name="Data/Uniques/Special/New.lua" part="program" sha1="523eecb92e31023b5245f44d72f4190fc89ea2ed" />
	<File name="Data/Uniques/Special/WatchersEye.lua" part="program" sha1="991d83e336df69bea692ef87804de2b667c4c7ec" />
	<File name="Data/ClusterJewels.lua" part="program" sha1="664d7d7afd5196cfe26a9392b4592834f5d0b2ee" />
	<File name="Data/Costs.lua" part="program" sha1="dd271938e2fbd51d1566405fafa124918714a8c8" />
	<File name="Data/EnchantmentBody.lua" part="program" sha1="35d806a908844a714fee8991d132285798a47746" />
	<File name="Data/EnchantmentBoots.lua" part="program" sha1="f22ed8e93fdbcbb5fda117eb6cf714f23a1a8a4e" />
	<File name="Data/EnchantmentFlask.lua" part="program" sha1="af5d51f79799767b6d5bb292200ede8a58cbd57f" />
	<File name="Data/EnchantmentGloves.lua" part="program" sha1="27e8d4409a13df399696952605be275049c2900e" />
	<File name="Data/EnchantmentWeapon.lua" part="program" sha1="ec3c437a9865095b2c7576176f3ccabc0d468150" />
	<File name="Data/EnchantmentHelmet.lua" part="program" sha1="a2d270e9cb8014b03c7913c4edec8a4bc750b6a9" />
	<File name="Data/Essence.lua" part="program" sha1="e4487e9af3fcedea4426d0885f62691ac410d703" />
	<File name="Data/Gems.lua" part="program" sha1="cc777269f288d8ff73c7e6cd5125c7c594a05174" />
	<File name="Data/LegionPassives.lua" part="program" sha1="2b686a14a7007659abd829be24bc0913632dec0d" />
	<File name="Data/Minions.lua" part="program" sha1="deff10ad54df510b9c4b36a668e225ac4b69dd6e" />
	<File name="Data/Misc.lua" part="program" sha1="1a1b0760b8ff16de918d198b1a2c922d75f79480" />
	<File name="Data/ModCache.lua" part="program" sha1="1ead182cf98e3687c98979aeecb62416b6178f8b" />
	<File name="Data/ModFlask.lua" part="program" sha1="e9490913bb3e6845b3921d5326ece37c6192a5ef" />
	<File name="Data/ModItem.lua" part="program" sha1="f156f1d20ed5f8b0596e4f76ac62c6fe38c77c61" />
	<File name="Data/ModJewel.lua" part="program" sha1="72a179bae54161f3db47b72132dd8b1bebb9b5f0" />
	<File name="Data/ModJewelAbyss.lua" part="program" sha1="1838d37a74ecbd39e1e0a8ff0dcd891cad10a556" />
	<File name="Data/ModJewelCluster.lua" part="program" sha1="fcef4c98af3b3046c392c2cfc5a46be84828eb29" />
	<File name="Data/ModMaster.lua" part="program" sha1="3d41045cfb5158d4ea70094eb3ba5548f295ec16" />
	<File name="Data/ModVeiled.lua" part="program" sha1="0ceafd073b4d563a987f4155ae81672f01f47c6d" />
	<File name="Data/ModHarvestSeed.lua" part="program" sha1="2e5e9550cc9f059ef00fddf6600f049602c2a71c" />
	<File name="Data/ModIncursion.lua" part="program" sha1="0c1c1fdf78e6a2e3fce7f6a63c1ebed39813ce9b" />
	<File name="Data/ModHarvestSeed.lua" part="program" sha1="2e5e9550cc9f059ef00fddf6600f049602c2a71c" />
	<File name="Data/ModSynthesised.lua" part="program" sha1="3584351d727120e3cf1c0f76574d953e55ac0d6f" />
	<File name="Data/New.lua" part="program" sha1="bb9062b47678e0be6c70657a1554a289186a7a60" />
	<File name="Data/Pantheons.lua" part="program" sha1="c9f22e5c94d38444abfa096369ca8a7b7f1e043d" />
	<File name="Data/Rares.lua" part="program" sha1="24892142ea833b3d54350bcc54eeddb1b06a49ca" />
	<File name="Data/SkillStatMap.lua" part="program" sha1="a5f40675ba6e28763bf7fb4d97935c551dc72db5" />
	<File name="Data/Spectres.lua" part="program" sha1="a4d81ab5867a2ade3d05aeaed1386d3fb5490d0b" />
	<File name="Data/Bases/amulet.lua" part="program" sha1="b76b253ae13eb2b88c33a10e2bc6584f9165baf7" />
	<File name="Data/Bases/axe.lua" part="program" sha1="ea7cf32db3374eec32862effd469dc9169b1180d" />
	<File name="Data/Bases/belt.lua" part="program" sha1="ecfd85a2ffdecb250f9c2c62b9137b09fa5b3151" />
	<File name="Data/Bases/body.lua" part="program" sha1="bf9c9a803c9e21a52712312bc6bf3c30694fe013" />
	<File name="Data/Bases/boots.lua" part="program" sha1="67d8c359e3e5596f9467181b481fa3225324c89b" />
	<File name="Data/Bases/bow.lua" part="program" sha1="aef484bd71601b7eb38591557780c2e8f51c5c25" />
	<File name="Data/Bases/claw.lua" part="program" sha1="be1ec0be4caf07de0a88e465bdfa5b7289214fac" />
	<File name="Data/Bases/dagger.lua" part="program" sha1="98f3ff757ae36e0759145e3f30574056c999ce9e" />
	<File name="Data/Bases/fishing.lua" part="program" sha1="5df2ff13333a1963bc7be8f0ffbec6a1715503da" />
	<File name="Data/Bases/flask.lua" part="program" sha1="2659d9d6330e778c5f295314cf93ff56d9812cf9" />
	<File name="Data/Bases/gloves.lua" part="program" sha1="cb5f33a8bb088e35e8caca008f02c03e79e86ed7" />
	<File name="Data/Bases/helmet.lua" part="program" sha1="f7ee112fa695b5fd3be89236618d51f5bd14cebe" />
	<File name="Data/Bases/jewel.lua" part="program" sha1="8d9d3a418e2cfc09bf4c936c4dffd8f626355d51" />
	<File name="Data/Bases/mace.lua" part="program" sha1="122ceaf24b10d165cd18dc8699fb1130e03b101b" />
	<File name="Data/Bases/quiver.lua" part="program" sha1="d1acf4ecdda808427b847cdaf517de5df1b70987" />
	<File name="Data/Bases/ring.lua" part="program" sha1="b2bffc53cb8189c16899c2c23c2d90cbc72ae45a" />
	<File name="Data/Bases/shield.lua" part="program" sha1="827bbb41cc7201cc4b60603d7dd483eb84a125d6" />
	<File name="Data/Bases/staff.lua" part="program" sha1="eb3388db0a01f9f6940e0764cf16c3f4adf30598" />
	<File name="Data/Bases/sword.lua" part="program" sha1="0d12e96bab0d347da1143bb040d1cd4a2b399101" />
	<File name="Data/Bases/wand.lua" part="program" sha1="9705b88257a7709b356eb1ed51dab51670a27fb7" />
	<File name="Data/Skills/act_dex.lua" part="program" sha1="1516a586083543e99c1c4117c36f4b808d6a31fd" />
	<File name="Data/Skills/act_int.lua" part="program" sha1="db6019b032d3d53005c648810c8706df8fef442b" />
	<File name="Data/Skills/act_str.lua" part="program" sha1="f65125903f2b53144e623d2d440702bd0d196b9d" />
	<File name="Data/Skills/glove.lua" part="program" sha1="f551193dd9e61c70ac88145ce1bbc4ad0dd74309" />
	<File name="Data/Skills/minion.lua" part="program" sha1="bd5a4cbb45ab8dd5a166339b8bc0a9067d00a53a" />
	<File name="Data/Skills/other.lua" part="program" sha1="f54f847e626296055a4830d8cb2fbd7b5af1ad3d" />
	<File name="Data/Skills/spectre.lua" part="program" sha1="051c86a07f1c8dbfb158858f097265d42cbe789a" />
	<File name="Data/Skills/sup_dex.lua" part="program" sha1="3daaf836c872e1f4c59fe5a74f0137ce948f7cf1" />
	<File name="Data/Skills/sup_int.lua" part="program" sha1="e468a89cb5fc21821179a82a9a279ba1adfedf50" />
	<File name="Data/Skills/sup_str.lua" part="program" sha1="ddcef1b4a75e332690df8c5633abc40f499b3775" />
	<File name="Data/StatDescriptions/active_skill_gem_stat_descriptions.lua" part="program" sha1="3c2bf86db4be289c73f851ee593834c0a913e926" />
	<File name="Data/StatDescriptions/aura_skill_stat_descriptions.lua" part="program" sha1="4d955ff8cb4092b74c643be4f2ddb1935bcaac0f" />
	<File name="Data/StatDescriptions/banner_aura_skill_stat_descriptions.lua" part="program" sha1="1f571f9276c3922ca574d917b6a5eed24436b9f4" />
	<File name="Data/StatDescriptions/beam_skill_stat_descriptions.lua" part="program" sha1="4d692a50c140d817b5617b60aac26c812b56f883" />
	<File name="Data/StatDescriptions/brand_skill_stat_descriptions.lua" part="program" sha1="dc74118fc88c7747c2786bd12aaffd4826b0a83e" />
	<File name="Data/StatDescriptions/buff_skill_stat_descriptions.lua" part="program" sha1="4b0860270ce150e356a4d4000c31c035ee5e16ae" />
	<File name="Data/StatDescriptions/curse_skill_stat_descriptions.lua" part="program" sha1="f74af10105127e1ee9b59b003fc98ec30fa20edb" />
	<File name="Data/StatDescriptions/debuff_skill_stat_descriptions.lua" part="program" sha1="571659c651c5e561c95da4de24d023e28cb53f9d" />
	<File name="Data/StatDescriptions/secondary_debuff_skill_stat_descriptions.lua" part="program" sha1="f0e2a9c72664cf44c8132c0f43c5ca95e4362f6d" />
	<File name="Data/StatDescriptions/gem_stat_descriptions.lua" part="program" sha1="893a22104159127a09148cc977afc2e134ea7364" />
	<File name="Data/StatDescriptions/minion_attack_skill_stat_descriptions.lua" part="program" sha1="f528cfb6c0996c5ed0783568c157c2a2853ef49e" />
	<File name="Data/StatDescriptions/minion_skill_stat_descriptions.lua" part="program" sha1="a28899a3452369a2fbddbd3f6f1e54bdbbc2a0ed" />
	<File name="Data/StatDescriptions/minion_spell_damage_skill_stat_descriptions.lua" part="program" sha1="f78e75a9a83256585a8e9f130d488c582fbde79b" />
	<File name="Data/StatDescriptions/minion_spell_skill_stat_descriptions.lua" part="program" sha1="f779639523d89fec5eed8110fee178f5c2caf5c7" />
	<File name="Data/StatDescriptions/monster_stat_descriptions.lua" part="program" sha1="b0969be4c469ffa321ba5129a6065500c2a21e7a" />
	<File name="Data/StatDescriptions/offering_skill_stat_descriptions.lua" part="program" sha1="5fa23914780bbda1ad2c29d600c9f07d501e523b" />
	<File name="Data/StatDescriptions/skill_stat_descriptions.lua" part="program" sha1="15af4c1337e718a4ccd1a3c753f4c02d6ea2d054" />
	<File name="Data/StatDescriptions/single_minion_spell_skill_stat_descriptions.lua" part="program" sha1="3c9a68e0af6ebb8c210460f108c062502e247be3" />
	<File name="Data/StatDescriptions/stat_descriptions.lua" part="program" sha1="a1fecfc60816079adad27824f422079d100c695e" />
	<File name="Data/StatDescriptions/variable_duration_skill_stat_descriptions.lua" part="program" sha1="180bf4ac20e6b246bc9947dd2708dac2c8a0534b" />
	<File name="Modules/Build.lua" part="program" sha1="6b1f240341048a54bbb98299e4996e5161a92ce7" />
	<File name="Modules/BuildList.lua" part="program" sha1="a6741edaafc6672ffff80ec222353e6d5709a193" />
	<File name="Modules/CalcActiveSkill.lua" part="program" sha1="ee47a01fdaf642cbdc91465fe6a16934114e3449" />
	<File name="Modules/CalcBreakdown.lua" part="program" sha1="decfbb86765d922685ece4baa8b3390aaaff21af" />
	<File name="Modules/CalcDefence.lua" part="program" sha1="b2c7010f13181b59bc3f590938ca7220e78347a5" />
	<File name="Modules/CalcOffence.lua" part="program" sha1="b8ab3d4cd9b8dc83700b33653e2c80f225c955c7" />
	<File name="Modules/CalcPerform.lua" part="program" sha1="8af90ffa22300882ae807aeabe353d26f45bed60" />
	<File name="Modules/Calcs.lua" part="program" sha1="2902609f31bd970b1e43b55542c15fd56b54de43" />
	<File name="Modules/CalcSections.lua" part="program" sha1="b2361cfbd69a7ac57e6898ee79146b8bd55ca46e" />
	<File name="Modules/CalcSetup.lua" part="program" sha1="7bfce04300b5eca3f3e4872b9a5e4f1865d87a23" />
	<File name="Modules/CalcTools.lua" part="program" sha1="eb70e27d9658a0da5b4c9f31ee432b3b5d80fe28" />
	<File name="Modules/Common.lua" part="program" sha1="da79cef963b04caaa4a5e842d8f0ee02d8d2656c" />
	<File name="Modules/ConfigOptions.lua" part="program" sha1="4319e91f5a6146032d4de32a3cf07ce16f616c37" />
	<File name="Modules/Data.lua" part="program" sha1="66a06ec0ea826cb22a15fd1be9ef27744c6407fa" />
	<File name="Modules/ItemTools.lua" part="program" sha1="233b099a4faae36122da8169d069c8a23ef04705" />
	<File name="Modules/Main.lua" part="program" sha1="759b847f8736f0f2e4f535b80219ea964aa57a24" />
	<File name="Modules/ModParser.lua" part="program" sha1="b2d42f01da26819d7436b66c1a13d440242c8497" />
	<File name="Modules/ModTools.lua" part="program" sha1="7b016dcf22cb643426f4e0e1b81abbe03010bd03" />
	<File name="Modules/StatDescriber.lua" part="program" sha1="a702ea06164bf6c4ae6d0d12e0af7357d6cfd233" />
	<File name="Modules/PantheonTools.lua" part="program" sha1="1a1ae1e7f7032b93e5c5d462365cc85c3f3e8b2c" />
	<File name="SimpleGraphic/Fonts/Bitstream Vera Sans Mono.ttf" part="runtime" sha1="bf33ac149912ee1964487a768a2eb5f21cf38c53" />
	<File name="SimpleGraphic/Fonts/Liberation Sans Bold.ttf" part="runtime" sha1="bf33ac149912ee1964487a768a2eb5f21cf38c53" />
	<File name="SimpleGraphic/Fonts/Liberation Sans.ttf" part="runtime" sha1="bf33ac149912ee1964487a768a2eb5f21cf38c53" />
	<File name="TreeData/AmberOil.png" part="tree" sha1="2fd670aeee1c39ae99eef78cc351f9f7fbc091bc" />
	<File name="TreeData/AscendancyButton.png" part="tree" sha1="60d0e1334840a6f143b4c3cbe7f0675709701691" />
	<File name="TreeData/AscendancyButtonHighlight.png" part="tree" sha1="fcb6cd198a3b85c3b08623591bc0ba6d0ba4b991" />
	<File name="TreeData/AscendancyButtonPressed.png" part="tree" sha1="0fd975cf9d1c22276c06e9905cae12c8fff8b417" />
	<File name="TreeData/AscendancyFrameLargeAllocated.png" part="tree" sha1="3d13ba17db0f61b20d737c703414ff0263c2a1dc" />
	<File name="TreeData/AscendancyFrameLargeCanAllocate.png" part="tree" sha1="e11c24a1cb92489c9f29eb6a48a4927d2cc854f4" />
	<File name="TreeData/AscendancyFrameLargeNormal.png" part="tree" sha1="2560b194a15c342ec93ca8cfeba3a719229b48c8" />
	<File name="TreeData/AscendancyFrameSmallAllocated.png" part="tree" sha1="6dcd147b904c470af0a66412e7184ad03eba462b" />
	<File name="TreeData/AscendancyFrameSmallCanAllocate.png" part="tree" sha1="a67ab7791d2058b4322039f42b4ff49214fbcbb7" />
	<File name="TreeData/AscendancyFrameSmallNormal.png" part="tree" sha1="76574b733671962c07d4a6974abc6403ad764ab0" />
	<File name="TreeData/AscendancyMiddle.png" part="tree" sha1="fa33df0224c4f48c90f170cbe3c1382a5ec07642" />
	<File name="TreeData/AzureOil.png" part="tree" sha1="eec575d9afbc63dfe674e48847cd904b56217da4" />
	<File name="TreeData/Background1.png" part="tree" sha1="5ca14dfc325b1875d8fc50676766cbcc8607cee4" />
	<File name="TreeData/Background2.png" part="tree" sha1="d42c7cfd18a119280b3b4eb747095f79e9abba15" />
	<File name="TreeData/BackgroundDex.png" part="tree" sha1="a62eab7a2bd6e9c55d71b6c3b468e16991788ebf" />
	<File name="TreeData/BackgroundDexInt.png" part="tree" sha1="8e4505a50daf80d55ab92dfc482fea03d0efbe9c" />
	<File name="TreeData/BackgroundInt.png" part="tree" sha1="1d27eaf60b578247830e3ea4b1c75ad9f6a31cde" />
	<File name="TreeData/BackgroundStr.png" part="tree" sha1="5d2fbcff5b012177c7cb3d60e65b0ed0f8496a3e" />
	<File name="TreeData/BackgroundStrDex.png" part="tree" sha1="ace742515fb246d5e83a5bdf7f52d1c1e5f1bb0b" />
	<File name="TreeData/BackgroundStrInt.png" part="tree" sha1="02e516da646da75ad6d68d391c95f58b28211eb2" />
	<File name="TreeData/BlackOil.png" part="tree" sha1="4362c3ffc24fca10756118815105dc8f17e9c459" />
	<File name="TreeData/BlightedNotableFrameAllocated.png" part="tree" sha1="623d10bc07da4ab626bb29aa862f59e01c21fe4a" />
	<File name="TreeData/BlightedNotableFrameCanAllocate.png" part="tree" sha1="f2e0d3af59c602d1e05d4243b578d910d516da4f" />
	<File name="TreeData/BlightedNotableFrameUnallocated.png" part="tree" sha1="d509753cbfd2dad5faeef687e654ca6aff8d8b95" />
	<File name="TreeData/centerduelist.png" part="tree" sha1="1c7494f3771b3b9c91a03ffe50c7f018f967c684" />
	<File name="TreeData/centermarauder.png" part="tree" sha1="2188a9ed5f122d9284d002dd628f2091bc196841" />
	<File name="TreeData/centerranger.png" part="tree" sha1="54afada86d4cf2894af3bcaac9e6ccf509fd54bf" />
	<File name="TreeData/centerscion.png" part="tree" sha1="f57437370e64ffc22bc754cddeb9a6a4f4497b41" />
	<File name="TreeData/centershadow.png" part="tree" sha1="578e4fa9762261762be2714572edc436e0adddea" />
	<File name="TreeData/centertemplar.png" part="tree" sha1="55bf345efacbf3e08a18d2e44e51beffffbb2a95" />
	<File name="TreeData/centerwitch.png" part="tree" sha1="d333706ca7a10f998d6b5240c679e598a60edf90" />
	<File name="TreeData/ClassesAscendant.png" part="tree" sha1="30c010e605c6b5bdc9f22c43330bee360e6bc98b" />
	<File name="TreeData/ClassesAssassin.png" part="tree" sha1="680948488f95027f182ea4b7eefd12f66e26e173" />
	<File name="TreeData/ClassesBerserker.png" part="tree" sha1="0f2c9b5752ea8d9115d713f79305f2347d5bc943" />
	<File name="TreeData/ClassesChampion.png" part="tree" sha1="9065bc7b37deaa3f3bc9fdef8ba2047ea44002e6" />
	<File name="TreeData/ClassesChieftain.png" part="tree" sha1="65fad45b4b4ddcb9118ebb9dd63c60f7d0586d3e" />
	<File name="TreeData/ClassesDeadeye.png" part="tree" sha1="20be006424044f91d3a7eb8c80fc1b695f033cc9" />
	<File name="TreeData/ClassesElementalist.png" part="tree" sha1="8d42b88c7f63f16ed8516234940a9cb6af6d2d65" />
	<File name="TreeData/ClassesGladiator.png" part="tree" sha1="4b89078a1b34d204aadd59e1c284bc6b1a3d6271" />
	<File name="TreeData/ClassesGuardian.png" part="tree" sha1="9fa535b0c3e6e21b2a18333d6eddcfb323be1cda" />
	<File name="TreeData/ClassesHierophant.png" part="tree" sha1="330ea3e4afda54e826a251b9bb6d3c5589551be3" />
	<File name="TreeData/ClassesInquisitor.png" part="tree" sha1="a949301f0c852c54c8dce465249b648d4d3ae285" />
	<File name="TreeData/ClassesJuggernaut.png" part="tree" sha1="3ac5920d583e885758dc9f0434a3dde91273ccc2" />
	<File name="TreeData/ClassesNecromancer.png" part="tree" sha1="50d4b793b1150b54d9805e4c4b68080fc79d1e1e" />
	<File name="TreeData/ClassesOccultist.png" part="tree" sha1="c21c3fb8a472454edbb99e3377b90299bd54ebfa" />
	<File name="TreeData/ClassesPathfinder.png" part="tree" sha1="c65dd580ac2583737829eac55fe4d9ec552648c1" />
	<File name="TreeData/ClassesRaider.png" part="tree" sha1="f755c1a3d1e47c847ef096bd4ad019c5ef50f880" />
	<File name="TreeData/ClassesSaboteur.png" part="tree" sha1="c5cef3aaba22f472fd032b6531ae672722ed9002" />
	<File name="TreeData/ClassesSlayer.png" part="tree" sha1="4a245709feb0f5aeca64e3407a4ac76b72cf3163" />
	<File name="TreeData/ClassesTrickster.png" part="tree" sha1="66799e65d7c68ec371e45781c44e857c28276bce" />
	<File name="TreeData/ClearOil.png" part="tree" sha1="9319447ffae59ca9dbaf7b40ce130f193c746571" />
	<File name="TreeData/CrimsonOil.png" part="tree" sha1="1fb94eb2f65c7b9b5395e2daf6c887f43bd0f4cd" />
	<File name="TreeData/EternalEmpireJewelCircle1.png" part="tree" sha1="5ff686f46e7798c11e835a83027039d0c14ba3f4" />
	<File name="TreeData/EternalEmpireJewelCircle2.png" part="tree" sha1="578b54ff2208f9387d52e40b78fc533e9978ee97" />
	<File name="TreeData/GoldenOil.png" part="tree" sha1="8475b6862fbc2a8b11fff241ff3390b76aba5f8b" />
	<File name="TreeData/GroupBackgroundLargeHalfAlt.png" part="tree" sha1="2abdd2be644143749adf92943a98d7b84b99ff5b" />
	<File name="TreeData/GroupBackgroundMediumAlt.png" part="tree" sha1="5cfa54cf5289880a08e103b0780b5dc40185cc4e" />
	<File name="TreeData/GroupBackgroundSmallAlt.png" part="tree" sha1="8072f48a5b6a9b38de7dfe122399ee373847d2bc" />
	<File name="TreeData/imgPSFadeCorner.png" part="tree" sha1="b74e007cd3c61059f3a4e303c7caf34f15e2cad3" />
	<File name="TreeData/imgPSFadeSide.png" part="tree" sha1="e27bb4ab38d3865f8bb7c5dd46f0dcc53a599a26" />
	<File name="TreeData/IndigoOil.png" part="tree" sha1="92cba0521ea4eac6fb1b3fc75a0c1d45c6e676c5" />
	<File name="TreeData/JewelCircle1.png" part="tree" sha1="ed2b4dfdb469433632e59738efc1319f462a3670" />
	<File name="TreeData/JewelCircle1Inverse.png" part="tree" sha1="9cd9f26f4271b99a514e5771bf6f87f6261b5133" />
	<File name="TreeData/JewelFrameAllocated.png" part="tree" sha1="354ceefdbbba413cb120ee65c823b2ec8cf498b7" />
	<File name="TreeData/JewelFrameCanAllocate.png" part="tree" sha1="b7902f15c86ff6bc55f8b61a3c5068b62d131b27" />
	<File name="TreeData/JewelFrameUnallocated.png" part="tree" sha1="ae859797fd7741fa4b8a80c1e924eb7c696f2ca8" />
	<File name="TreeData/JewelSocketActiveAbyss.png" part="tree" sha1="4f675d3e44ee8f989fb0164a3c6e87c580374c45" />
	<File name="TreeData/JewelSocketActiveAbyssAlt.png" part="tree" sha1="f376d0700aa55e12af6a547025f096c39b3d5d48" />
	<File name="TreeData/JewelSocketActiveAltBlue.png" part="tree" sha1="e960df28e43119c60b86281d0dd584be9a57e285" />
	<File name="TreeData/JewelSocketActiveAltPurple.png" part="tree" sha1="8e4d77dee8048b8da4d9556c7a6c51a69a231670" />
	<File name="TreeData/JewelSocketActiveAltRed.png" part="tree" sha1="1aa3d97654fc0c09856d9668aceb1fbc50af8c83" />
	<File name="TreeData/JewelSocketActiveBlue.png" part="tree" sha1="39796196dc48f0a5cfd648d6b87631960c165891" />
	<File name="TreeData/JewelSocketActiveBlueAlt.png" part="tree" sha1="6a10f1e1eb0400ef81057467fc38cca719b52418" />
	<File name="TreeData/JewelSocketActiveGreen.png" part="tree" sha1="c0e4c8192a0593e2174152412c1744897c4dc79b" />
	<File name="TreeData/JewelSocketActiveGreenAlt.png" part="tree" sha1="1842721b8ea21b4a591c40be9756d46068f9fdd0" />
	<File name="TreeData/JewelSocketActiveLegion.png" part="tree" sha1="78c4efa11be1783af1649f1917f29c30ee82300c" />
	<File name="TreeData/JewelSocketActiveLegionAlt.png" part="tree" sha1="02b0f4e8d7a2e1c0038327582099a1667095cfa8" />
	<File name="TreeData/JewelSocketActivePrismatic.png" part="tree" sha1="333bbd5ec8e58dbc37958fb5c5cb4cbc70df1cb8" />
	<File name="TreeData/JewelSocketActivePrismaticAlt.png" part="tree" sha1="fe83b21f238dd03788a1d7ebff9b572970cf27ee" />
	<File name="TreeData/JewelSocketActiveRed.png" part="tree" sha1="32487978b9c0ec456b8a4b8f189c84d3c86ae21c" />
	<File name="TreeData/JewelSocketActiveRedAlt.png" part="tree" sha1="9c236bad2d8f7c45d295d59466bf2d01ebbf0c2e" />
	<File name="TreeData/JewelSocketAltActive.png" part="tree" sha1="3fdaca72ea72173b4f54ad32ddf2d627ed1faefa" />
	<File name="TreeData/JewelSocketAltCanAllocate.png" part="tree" sha1="691b66d167a37b9c00392fd047b1949635611527" />
	<File name="TreeData/JewelSocketAltNormal.png" part="tree" sha1="6bc256ab46f67b26c5c51aaa30d85bca42baa4d4" />
	<File name="TreeData/JewelSocketClusterAltCanAllocate1Large.png" part="tree" sha1="bacfc3363c4266123f6b55e4e701e62590da24b0" />
	<File name="TreeData/JewelSocketClusterAltCanAllocate1Medium.png" part="tree" sha1="e9d89e2142ee68d6ec0bd828d508bc1b08777e5e" />
	<File name="TreeData/JewelSocketClusterAltCanAllocate1Small.png" part="tree" sha1="3c296d18df70dd1920cf0956e25975fdc8cba5f3" />
	<File name="TreeData/JewelSocketClusterAltNormal1Large.png" part="tree" sha1="731b1fa4a776520d342e783fc5934782dbe22090" />
	<File name="TreeData/JewelSocketClusterAltNormal1Medium.png" part="tree" sha1="eb1c39beec586c6814c55c289e4164f8256e576e" />
	<File name="TreeData/JewelSocketClusterAltNormal1Small.png" part="tree" sha1="6877504dcd6900f7b6218d35ecdab49b818a261d" />
	<File name="TreeData/JewelSocketActiveTimeless.png" part="tree" sha1="abed5c654cb450aac8ab1c9bef5d1377a7b18d67" />
	<File name="TreeData/KaruiJewelCircle1.png" part="tree" sha1="662633c5424b325983f3d9ad50ce35e9390c0218" />
	<File name="TreeData/KaruiJewelCircle2.png" part="tree" sha1="a25f741e0423354300b4e550e9cd57eb29d1a99f" />
	<File name="TreeData/KeystoneFrameAllocated.png" part="tree" sha1="a7ec147315e57e95d8440a14920c852f15c0cdcf" />
	<File name="TreeData/KeystoneFrameCanAllocate.png" part="tree" sha1="56bb163714febf13463baf12bd758739a57e6a70" />
	<File name="TreeData/KeystoneFrameUnallocated.png" part="tree" sha1="d424ac607ea6c2696b5e27f6a566e47c772072cd" />
	<File name="TreeData/LineConnectorActive.png" part="tree" sha1="1c743489dae753c10e9395ca15f6775e49e623a0" />
	<File name="TreeData/LineConnectorIntermediate.png" part="tree" sha1="f6a12a47d663a26fa9e51c44c5bee9a906e1af73" />
	<File name="TreeData/LineConnectorNormal.png" part="tree" sha1="f2b009c3e735a4a456977f0b06faed633aea1635" />
	<File name="TreeData/MarakethJewelCircle1.png" part="tree" sha1="2e6dd08eed2b3f68b14063541f08a0ff95750c46" />
	<File name="TreeData/MarakethJewelCircle2.png" part="tree" sha1="af822f164d05c035c4ffa3d5035e4cd6fe67f678" />
	<File name="TreeData/NotableFrameAllocated.png" part="tree" sha1="e0c01cd83cc50dd333d11299b29ddc02ff8c20aa" />
	<File name="TreeData/NotableFrameCanAllocate.png" part="tree" sha1="87973c184c904a4f7655d12cfd695d13c4108ab0" />
	<File name="TreeData/NotableFrameUnallocated.png" part="tree" sha1="b897b879edcb1f0f73ff8609926fc9ff0fa2da5f" />
	<File name="TreeData/OpalescentOil.png" part="tree" sha1="ec857841ed5837c87e873de187502d77a77664ea" />
	<File name="TreeData/Orbit1Active.png" part="tree" sha1="6c762b8fed697771114fed94c260643f1fda75ea" />
	<File name="TreeData/Orbit1Intermediate.png" part="tree" sha1="1fdfa55f70a3404435b70a154813f9daf44af6f0" />
	<File name="TreeData/Orbit1Normal.png" part="tree" sha1="315aad48e6886b49d45cc76a8dfd172508d6d737" />
	<File name="TreeData/Orbit2Active.png" part="tree" sha1="dc233d911c271982e8cc692492c4a5335edba69a" />
	<File name="TreeData/Orbit2Intermediate.png" part="tree" sha1="1ceede85be616351e856108a5e49dc8637daeebe" />
	<File name="TreeData/Orbit2Normal.png" part="tree" sha1="dfd66a02f3dae87eae9f245c48978085de45a7ba" />
	<File name="TreeData/Orbit3Active.png" part="tree" sha1="c3ca9d3f8892ffe295e952d8e476b5d688dee8ac" />
	<File name="TreeData/Orbit3Intermediate.png" part="tree" sha1="1190bd91f89845c8a2bbf7eff15b9f8c8e3e3884" />
	<File name="TreeData/Orbit3Normal.png" part="tree" sha1="fba8ad863046297cb982bc96514fc58b99c7d2f0" />
	<File name="TreeData/Orbit4Active.png" part="tree" sha1="c5b6faf95cf819bc84e3abb7d212f53210372fa5" />
	<File name="TreeData/Orbit4Intermediate.png" part="tree" sha1="ce337f314f0b69fb441d1861e00ac702d2261cfa" />
	<File name="TreeData/Orbit4Normal.png" part="tree" sha1="208638cbd1c482d035dc249774d0141328b78d7b" />
	<File name="TreeData/Orbit5Active.png" part="tree" sha1="a0fcd97482116b0c0d5321b9f63dbcf77b647e9c" />
	<File name="TreeData/Orbit5Intermediate.png" part="tree" sha1="03595348ee1ae534d770419fd8cc59b628d464ba" />
	<File name="TreeData/Orbit5Normal.png" part="tree" sha1="f86312e0df861d513562353320da2ab4c5a0fd71" />
	<File name="TreeData/Orbit6Active.png" part="tree" sha1="dab85883e0a82bf5f5ca6c09014b2eb003bbebfd" />
	<File name="TreeData/Orbit6Intermediate.png" part="tree" sha1="f299091746a297c69d28020b53d854ff91157a93" />
	<File name="TreeData/Orbit6Normal.png" part="tree" sha1="58bd59fda0cdc1c7504a6093ff9041080588d654" />
	<File name="TreeData/PassiveSkillScreenAscendancyButton.png" part="tree" sha1="570f34a29da650e6d6781890db7ff5d5a8dd18be" />
	<File name="TreeData/PassiveSkillScreenAscendancyButtonHighlight.png" part="tree" sha1="c24ff0df6d4a5228dd46d29b49fe1b68d1133e48" />
	<File name="TreeData/PassiveSkillScreenAscendancyButtonPressed.png" part="tree" sha1="bfdf7398d89e94ade00ee3a35e12827f2933465b" />
	<File name="TreeData/PassiveSkillScreenAscendancyFrameLargeAllocated.png" part="tree" sha1="f7a5a410f5bf598e7d5363604dd8875db062453f" />
	<File name="TreeData/PassiveSkillScreenAscendancyFrameLargeCanAllocate.png" part="tree" sha1="15774c60f76ec5c3d390b261abb8d19647fe75d7" />
	<File name="TreeData/PassiveSkillScreenAscendancyFrameLargeNormal.png" part="tree" sha1="5c2f1bc140b0fb7afdf78bf8c3bd9e7651cababc" />
	<File name="TreeData/PassiveSkillScreenAscendancyFrameSmallAllocated.png" part="tree" sha1="d914bdfc4a1a63daff44bbae550ba8d1fdfefaa4" />
	<File name="TreeData/PassiveSkillScreenAscendancyFrameSmallCanAllocate.png" part="tree" sha1="81e9df4424a49c38ab55767434078690e35a0d1c" />
	<File name="TreeData/PassiveSkillScreenAscendancyFrameSmallNormal.png" part="tree" sha1="58caea3a42eadf821e2dae5b7ed4e236e07c700f" />
	<File name="TreeData/PassiveSkillScreenAscendancyMiddle.png" part="tree" sha1="7bad658a6a0140d747c7f403d73b1fe6b8b3939e" />
	<File name="TreeData/PassiveSkillScreenEternalEmpireJewelCircle1.png" part="tree" sha1="176d82b2b3cef255d96233bf0d3cc6f52856a10d" />
	<File name="TreeData/PassiveSkillScreenEternalEmpireJewelCircle2.png" part="tree" sha1="4608694066030f98d03f12bb4c0f8637bb67ff50" />
	<File name="TreeData/PassiveSkillScreenJewelCircle1.png" part="tree" sha1="61eb7f289f38b87cf92a6ab08110c70e9ea76a22" />
	<File name="TreeData/PassiveSkillScreenKaruiJewelCircle1.png" part="tree" sha1="b482fde617eee347a5eaae7f59214374776d18ce" />
	<File name="TreeData/PassiveSkillScreenKaruiJewelCircle2.png" part="tree" sha1="6ab37a27f6682d7dc1663d33e0d72cb2be9dc186" />
	<File name="TreeData/PassiveSkillScreenMarakethJewelCircle1.png" part="tree" sha1="43146cfe341910d2bc3344335bb941ed051bfc59" />
	<File name="TreeData/PassiveSkillScreenMarakethJewelCircle2.png" part="tree" sha1="c374c6df84a3722f1e76736efd4c319663a41c43" />
	<File name="TreeData/PassiveSkillScreenTemplarJewelCircle1.png" part="tree" sha1="278c73cb6fc8cf570624495272ef261959b6582f" />
	<File name="TreeData/PassiveSkillScreenTemplarJewelCircle2.png" part="tree" sha1="b0ea15b6228a293c152d3fe4a0d087a5ca6a32f8" />
	<File name="TreeData/PassiveSkillScreenVaalJewelCircle1.png" part="tree" sha1="4ab002b077e40968738c0cfaef99c409e2fc65a5" />
	<File name="TreeData/PassiveSkillScreenVaalJewelCircle2.png" part="tree" sha1="98fe9b58bbd2b17c71baf9e1d769bfe5bc056f99" />
	<File name="TreeData/PSGroupBackground1.png" part="tree" sha1="5b7773d80cbebaf8e0a459524da1543763e632e1" />
	<File name="TreeData/PSGroupBackground2.png" part="tree" sha1="41e363241cb2f923f78b101ea883e50148c594d3" />
	<File name="TreeData/PSGroupBackground3.png" part="tree" sha1="148fcef35603908cecaca2f3773020d05efcff45" />
	<File name="TreeData/PSLineDeco.png" part="tree" sha1="a690fb4c3f9910939e398daee5dd4b7427a8e5a1" />
	<File name="TreeData/PSLineDecoHighlighted.png" part="tree" sha1="a23866124ce4353cfcdc2903b584a4b527f375c1" />
	<File name="TreeData/PSPointsFrame.png" part="tree" sha1="6e10d16cb9a4070c84f935d97064a2c05381c63b" />
	<File name="TreeData/PSSkillFrame.png" part="tree" sha1="82fbfcd4d9c7b61464614f69aeeb6912712b7dde" />
	<File name="TreeData/PSSkillFrameActive.png" part="tree" sha1="e820f2fd0187c7fb5e255b89a53115fd25847831" />
	<File name="TreeData/PSSkillFrameHighlighted.png" part="tree" sha1="876508200ac2043ec9af17cc0d34382b990480e9" />
	<File name="TreeData/PSStartNodeBackgroundInactive.png" part="tree" sha1="3f9173651fd88f8c9ed0ddf2c939a15e4767b973" />
	<File name="TreeData/SepiaOil.png" part="tree" sha1="bdb1e7d716599d5cd1b6fb5f4c919cb7cab24530" />
	<File name="TreeData/SilverOil.png" part="tree" sha1="9120b5adf5a4c5e4162798b50e1c4c70735e1288" />
	<File name="TreeData/TealOil.png" part="tree" sha1="b520f0814555df5b7f9ac9d2831cace63e4f822e" />
	<File name="TreeData/TemplarJewelCircle1.png" part="tree" sha1="610b42ac157bca85247b81a534427f9fa80253c4" />
	<File name="TreeData/TemplarJewelCircle2.png" part="tree" sha1="4778a3c3acc8c4d32b8cd677be0e2db7d32bb0f6" />
	<File name="TreeData/VaalJewelCircle1.png" part="tree" sha1="a84d7a44d160e1480a3036b547de3ae2153a0c52" />
	<File name="TreeData/VaalJewelCircle2.png" part="tree" sha1="facc5d2fea2f0027d09fdb6e4692f9f298aff293" />
	<File name="TreeData/VerdantOil.png" part="tree" sha1="97e77b6e96accf440c17a81d622bf629b8c78fe7" />
	<File name="TreeData/VioletOil.png" part="tree" sha1="1e9e4f0683a5156c27cb7ddafada8bed877e1c25" />
	<File name="TreeData/legion/skills-additional-3.jpg" part="tree" sha1="b98c0a2b9ac6dd585450789e2b53437e246592bf" />
	<File name="TreeData/legion/skills-additional-disabled-3.jpg" part="tree" sha1="988e3d5a1b489fb8ae4eb3647f32fec689c6eddb" />
	<File name="TreeData/legion/tree-legion.lua" part="tree" sha1="cfe2135d2ea127718f7eda9fdc8bf27c9d7d8951" />
	<File name="TreeData/2_6/tree.lua" part="tree" sha1="ee02b7e6e521896c498d8b222b1efab04538eaa7" />
	<File name="TreeData/2_6/skill_sprite-3-32f639bbfc42783ca7ec218a787dd918.jpg" part="tree" sha1="abf59db207e4256edd4d67a73e8ae2821418ca84" />
	<File name="TreeData/2_6/skill_sprite-active-3-3e73c4c4534433ecfc340c7287093bd5.png" part="tree" sha1="8f8a0c2f6792a505dbc7b66570f28d409d8ad4af" />
	<File name="TreeData/2_6/skill_sprite-active-3-7798fabab8a21829831293c20ac9c414.jpg" part="tree" sha1="5a1693ea2e3f4f46c4e7988edb58e2405ecf63a4" />
	<File name="TreeData/3_6/tree.lua" part="tree" sha1="451a71a4b2bc0cd7374b122b1877d721e271b463" />
	<File name="TreeData/3_6/groups-3.png" part="tree" sha1="275e7066b61a7ad12ee59d34cd5a405d2d71a9d6" />
	<File name="TreeData/3_6/skills-3.jpg" part="tree" sha1="ebc0c5c46007ec625ee2bf6bd65317be4bce088e" />
	<File name="TreeData/3_6/skills-disabled-3.jpg" part="tree" sha1="e69a47709256d27e5529051522f018f3380fc457" />
	<File name="TreeData/3_7/tree.lua" part="tree" sha1="25767a551b9ec2c703e39519d37f97589ae212d1" />
	<File name="TreeData/3_7/groups-3.png" part="tree" sha1="dff51e75f0aafdae5118167c66b1cec360ff4b00" />
	<File name="TreeData/3_7/skills-3.jpg" part="tree" sha1="0c82fd04e6afd6cacd35208cf499a35155ea4cda" />
	<File name="TreeData/3_7/skills-disabled-3.jpg" part="tree" sha1="2930d625d1422d24c7d6ccaaacf0ed00e97e7391" />
	<File name="TreeData/3_8/tree.lua" part="tree" sha1="34e2c337a5c6ba9f1e162cb4c9d25d439a486c71" />
	<File name="TreeData/3_8/groups-3.png" part="tree" sha1="f5ef46af99150b25e44babac41c96ee58c87b44d" />
	<File name="TreeData/3_8/skills-3.jpg" part="tree" sha1="e2ba51c375dd1c6e105303f296bfae966c495f6d" />
	<File name="TreeData/3_8/skills-disabled-3.jpg" part="tree" sha1="43c308d6949611832b3f0e84da4acde45bfcfd32" />
	<File name="TreeData/3_9/tree.lua" part="tree" sha1="a28f9700dbb47e3ed29b7dc613b29ee6174e1f5a" />
	<File name="TreeData/3_9/groups-3.png" part="tree" sha1="ddf012e0184c29bc1aee994badd8ede83aaebb73" />
	<File name="TreeData/3_9/skills-3.jpg" part="tree" sha1="119218595a02d38e11ac331d4920d23f8acc86de" />
	<File name="TreeData/3_9/skills-disabled-3.jpg" part="tree" sha1="e73624e16e81cb5393d07685a766dc3afc8f9e39" />
	<File name="TreeData/3_10/tree.lua" part="tree" sha1="168665154541be0a0ee2e3b5dbf3cf32c40a1f23" />
	<File name="TreeData/3_10/groups-3.png" part="tree" sha1="d078db98dc72ab428a2c1822a44d25ab617fe64b" />
	<File name="TreeData/3_10/skills-3.jpg" part="tree" sha1="a697c4d2de582e1a369632fc2500e453ef06e7a0" />
	<File name="TreeData/3_10/skills-disabled-3.jpg" part="tree" sha1="e5e228d70c92aa9f6cfe01e91a425d09633abcdc" />
	<File name="TreeData/3_11/tree.lua" part="tree" sha1="139ed5437d3259e06000f8f19bede59003ff9dc8" />
	<File name="TreeData/3_11/groups-3.png" part="tree" sha1="351b940efd39cf3210babd01f8843b930a3c6165" />
	<File name="TreeData/3_11/skills-3.jpg" part="tree" sha1="4cc0cbd8db82bde4022e61b2ce2cdd14a97ffc78" />
	<File name="TreeData/3_11/skills-disabled-3.jpg" part="tree" sha1="59605ed221f67079e11263f6db657df024dcdd39" />
	<File name="TreeData/3_12/tree.lua" part="tree" sha1="4ccb4a074dcf5db8dec9218bbe99257e987b7996" />
	<File name="TreeData/3_12/groups-3.png" part="tree" sha1="b3011c26e4d11c683d1737301d904c5277fd0bf2" />
	<File name="TreeData/3_12/skills-3.jpg" part="tree" sha1="d75037ab31799cbcd74a883852bad9970c677e19" />
	<File name="TreeData/3_12/skills-disabled-3.jpg" part="tree" sha1="a33048a22c27d5776f9f2ef4e96302a7c29c8dac" />
	<File name="TreeData/3_13/tree.lua" part="tree" sha1="8db56168a66290d12f2da522225ee8a31aaf242f" />
	<File name="TreeData/3_13/groups-3.png" part="tree" sha1="5bfa14f0073f8835c12cb3297f0855dfc68eb869" />
	<File name="TreeData/3_13/skills-3.jpg" part="tree" sha1="4e066860145766ebe0c606833f4cf41fe4bf90e4" />
	<File name="TreeData/3_13/skills-disabled-3.jpg" part="tree" sha1="435f782d319f5457d75ca98fb3f1e75fac64e2c5" />
	<File name="TreeData/3_14/tree.lua" part="tree" sha1="d99a00eada0e3e127ddd5bd11b88c666ec9ba2d4" />
	<File name="TreeData/3_14/groups-3.png" part="tree" sha1="fe91708e0c16dc1bab7ee3f436914ef7201df9c9" />
	<File name="TreeData/3_14/skills-3.jpg" part="tree" sha1="bcb605cce06852fb5a6961369229afe4a6bdff0f" />
	<File name="TreeData/3_14/skills-disabled-3.jpg" part="tree" sha1="1f8841f20d25396f0a4b9ae2e5ba7ce28036ac45" />
	<File name="TreeData/3_15/tree.lua" part="tree" sha1="7549154c4d58f3090dcbb0bce51f7291c09a4b98" />
	<File name="TreeData/3_15/groups-3.png" part="tree" sha1="ad86bd7b8d189d37eb1aa3e5bdc1f3c6c5e7aadc" />
	<File name="TreeData/3_15/skills-3.jpg" part="tree" sha1="a2fb3f5bab2819204b80afbde7a27ba3e3b7f08e" />
	<File name="TreeData/3_15/skills-disabled-3.jpg" part="tree" sha1="d1fcdec9f039bc9f16fb1bac837804bed42df6d7" />
	<File name="TreeData/3_16/tree.lua" part="tree" sha1="55432459af2ff31bfe5ff6f33b4ce6ed3a5b4d58" />
	<File name="TreeData/3_16/mastery-active-effect-3.png" part="tree" sha1="3842bee3d952f6363b1f88e546519d2b0691849b" />
	<File name="TreeData/3_16/mastery-active-selected-3.png" part="tree" sha1="3838d80b08d8789b455558e814dcbde686a1df14" />
	<File name="TreeData/3_16/mastery-connected-3.png" part="tree" sha1="5b13e5f2d88d5118421f97042ce91e7ba3f80f1f" />
	<File name="TreeData/3_16/mastery-disabled-3.png" part="tree" sha1="2401a6162eb0a9d831c15f987d972145e530bb77" />
	<File name="TreeData/3_16/skills-3.jpg" part="tree" sha1="c638888d1c61852c9fbcafd49a54a9f9c7208598" />
	<File name="TreeData/3_16/skills-disabled-3.jpg" part="tree" sha1="f637d86d9457c569e3327a424f34586b93bd1753" />
</PoBVersion>